use Tax_revenue;


-- Inserting Values in REGISTRATION Table
INSERT INTO REGISTRATION (USERID, PASSWD,EMAIL, TAX_PAYER_TYPE) VALUES('0001', 'Elinore Holding' , 'elinore.holding@gmail.com', 'Corporate');
INSERT INTO REGISTRATION (USERID, PASSWD,EMAIL, TAX_PAYER_TYPE) VALUES('0002', 'Leota Hamer' , 'leota.hamer@gmail.com', 'Citizen');
INSERT INTO REGISTRATION (USERID, PASSWD,EMAIL, TAX_PAYER_TYPE) VALUES('0003', 'Lorna Oakley' , 'lorna.oakley@gmail.com', 'Corporate');
INSERT INTO REGISTRATION (USERID, PASSWD,EMAIL, TAX_PAYER_TYPE) VALUES('0004', 'Tinisha Green' , 'tinisha.green@gmail.com', 'Citizen');
INSERT INTO REGISTRATION (USERID, PASSWD,EMAIL, TAX_PAYER_TYPE) VALUES('0005', 'Nicola Peltz' , 'Nicola.peltz@gmail.com', 'Citizen');
INSERT INTO REGISTRATION (USERID, PASSWD,EMAIL, TAX_PAYER_TYPE) VALUES('0006', 'Micole Kidman' , 'Micole.Kidman@gmail.com', 'Corporate');
INSERT INTO REGISTRATION (USERID, PASSWD,EMAIL, TAX_PAYER_TYPE) VALUES('0007', 'Tom Dalye' , 'tom.dayle@gmail.com', 'Citizen');
INSERT INTO REGISTRATION (USERID, PASSWD,EMAIL, TAX_PAYER_TYPE) VALUES('0008', 'Barak Obama' , 'obama.barak@gmail.com', 'Corporate');
INSERT INTO REGISTRATION (USERID, PASSWD,EMAIL, TAX_PAYER_TYPE) VALUES('0009', 'Danzel Washington' , 'Danzel.Washin@gmail.com', 'Citizen');
INSERT INTO REGISTRATION (USERID, PASSWD,EMAIL, TAX_PAYER_TYPE) VALUES('0010', 'Roxia Bowez' , 'Roxia.Bowez@gmail.com', 'Citizen');
INSERT INTO REGISTRATION (USERID, PASSWD,EMAIL, TAX_PAYER_TYPE) VALUES('0011', 'Roze Bazz' , 'Roze.Bazz@gmail.com', 'Citizen');
INSERT INTO REGISTRATION (USERID, PASSWD,EMAIL, TAX_PAYER_TYPE) VALUES('0012', 'Vonnie Davey' , 'Vonnie.Davey@gmail.com', 'Citizen');
INSERT INTO REGISTRATION (USERID, PASSWD,EMAIL, TAX_PAYER_TYPE) VALUES('0013', 'Anna Faris' , 'Anna.Faris@gmail.com', 'Corporate');
INSERT INTO REGISTRATION (USERID, PASSWD,EMAIL, TAX_PAYER_TYPE) VALUES('0014', 'Lylla Fisher' , 'Lylla.Fisher@gmail.com', 'Citizen');
INSERT INTO REGISTRATION (USERID, PASSWD,EMAIL, TAX_PAYER_TYPE) VALUES('0015', 'Angelina Jolie' , 'Angelina.Jolie@gmail.com', 'Corporate');
INSERT INTO REGISTRATION (USERID, PASSWD,EMAIL, TAX_PAYER_TYPE) VALUES('0016', 'George Cooney' , 'George.Cooney@gmail.com', 'Corporate');
INSERT INTO REGISTRATION (USERID, PASSWD,EMAIL, TAX_PAYER_TYPE) VALUES('0017', 'Neema Dob' , 'Neema.Dob@gmail.com', 'Citizen');
INSERT INTO REGISTRATION (USERID, PASSWD,EMAIL, TAX_PAYER_TYPE) VALUES('0018', 'Allison Brie' , 'Allison.Brie@gmail.com', 'Corporate');
INSERT INTO REGISTRATION (USERID, PASSWD,EMAIL, TAX_PAYER_TYPE) VALUES('0019', 'Gary Grant' , 'Gary.Grant@gmail.com', 'Corporate');
INSERT INTO REGISTRATION (USERID, PASSWD,EMAIL, TAX_PAYER_TYPE) VALUES('0020', 'Roger Baister' , 'Roger.Baister@gmail.com', 'Corporate');
INSERT INTO REGISTRATION (USERID, PASSWD,EMAIL, TAX_PAYER_TYPE) VALUES('0021', 'Tessie Dennis' , 'Tessie.Dennis@gmail.com', 'Corporate');
INSERT INTO REGISTRATION (USERID, PASSWD,EMAIL, TAX_PAYER_TYPE) VALUES('0022', 'Mickey Mantle' , 'Mickey.Mantle@gmail.com', 'Citizen');
INSERT INTO REGISTRATION (USERID, PASSWD,EMAIL, TAX_PAYER_TYPE) VALUES('0023', 'Ansel Elgorte' , 'Ansel.Elgorte@gmail.com', 'Corporate');
INSERT INTO REGISTRATION (USERID, PASSWD,EMAIL, TAX_PAYER_TYPE) VALUES('0024', 'Queen Victoria' , 'Queen.Victoria@gmail.com', 'Citizen');
INSERT INTO REGISTRATION (USERID, PASSWD,EMAIL, TAX_PAYER_TYPE) VALUES('0025', 'Norris Kohl' , 'Norris.Kohl@gmail.com', 'Citizen');
INSERT INTO REGISTRATION (USERID, PASSWD,EMAIL, TAX_PAYER_TYPE) VALUES('0026', 'Liana Mirror' , 'Liana.Mirror@gmail.com', 'Corporate');
INSERT INTO REGISTRATION (USERID, PASSWD,EMAIL, TAX_PAYER_TYPE) VALUES('0027', 'Felicia Maguire' , 'Felicia.Maguire@gmail.com', 'Citizen');
INSERT INTO REGISTRATION (USERID, PASSWD,EMAIL, TAX_PAYER_TYPE) VALUES('0028', 'Wiz Khalifa' , 'Wiz .halifa@gmail.com', 'Corporate');
INSERT INTO REGISTRATION (USERID, PASSWD,EMAIL, TAX_PAYER_TYPE) VALUES('0029', 'George Brett' , 'George.Brett@gmail.com', 'Citizen');
INSERT INTO REGISTRATION (USERID, PASSWD,EMAIL, TAX_PAYER_TYPE) VALUES('0030', 'Briteny Spears' , 'Briteny.Spears@gmail.com', 'Citizen');
INSERT INTO REGISTRATION (USERID, PASSWD,EMAIL, TAX_PAYER_TYPE) VALUES('0031', 'Lizzie Caplan' , 'Lizzie.Caplan@gmail.com', 'Citizen');
INSERT INTO REGISTRATION (USERID, PASSWD,EMAIL, TAX_PAYER_TYPE) VALUES('0032', 'Paul Walker' , 'Paul.Walker@gmail.com', 'Citizen');
INSERT INTO REGISTRATION (USERID, PASSWD,EMAIL, TAX_PAYER_TYPE) VALUES('0033', 'Ben Stellar' , 'Ben Stellar@gmail.com', 'Corporate');
INSERT INTO REGISTRATION (USERID, PASSWD,EMAIL, TAX_PAYER_TYPE) VALUES('0034', 'Eric Dier' , 'Eric.Dier@gmail.com', 'Citizen');
INSERT INTO REGISTRATION (USERID, PASSWD,EMAIL, TAX_PAYER_TYPE) VALUES('0035', 'Samuel Jackson' , 'Samual.jackson@gmail.com', 'Citizen');
INSERT INTO REGISTRATION (USERID, PASSWD,EMAIL, TAX_PAYER_TYPE) VALUES('0036', 'Jessie Ovens' , 'Jessie Ovens@gmail.com', 'Corporate');
INSERT INTO REGISTRATION (USERID, PASSWD,EMAIL, TAX_PAYER_TYPE) VALUES('0037', 'Michelle Mocha' , 'Michelle@gmail.com', 'Citizen');
INSERT INTO REGISTRATION (USERID, PASSWD,EMAIL, TAX_PAYER_TYPE) VALUES('0038', 'James Brad' , 'James.Brad@gmail.com', 'Citizen');
INSERT INTO REGISTRATION (USERID, PASSWD,EMAIL, TAX_PAYER_TYPE) VALUES('0039', 'Emilia kork' , 'Emilia.kork@gmail.com', 'Corporate');
INSERT INTO REGISTRATION (USERID, PASSWD,EMAIL, TAX_PAYER_TYPE) VALUES('0040', 'Claire Lewis' , 'Claire.Lewis@gmail.com', 'Corporate');


-- Inserting Values in CITIZEN Table
INSERT INTO CITIZEN (SSN, USERID, FNAME,LNAME, DOB, PHONE, C_STREET, C_CITY, C_STATE, C_ZIP, SALARY, EXTRA_FUNDS) VALUES('528580463','0002', 'Leota', 'Hamer' , '10/30/89', '1606870779', '96041 Destiny Plains', 'Greenbay', 'MA', '84567',14568,9712);
INSERT INTO CITIZEN (SSN, USERID, FNAME,LNAME, DOB, PHONE, C_STREET, C_CITY, C_STATE, C_ZIP, SALARY, EXTRA_FUNDS) VALUES('449687945','0004', 'Tinisha', 'Green' , '02/17/01', '1951740722', '8754 Greens', 'Annapolis', 'IN', '39455',16924,11282);
INSERT INTO CITIZEN (SSN, USERID, FNAME,LNAME, DOB, PHONE, C_STREET, C_CITY, C_STATE, C_ZIP, SALARY, EXTRA_FUNDS) VALUES('519335379','0005', 'Nicola', 'Peltz' , '12/28/97', '1282962918', '025 Ridges', 'Florence', 'WA', '90872',16622,11081);
INSERT INTO CITIZEN (SSN, USERID, FNAME,LNAME, DOB, PHONE, C_STREET, C_CITY, C_STATE, C_ZIP, SALARY, EXTRA_FUNDS) VALUES('521940761','0007', 'Tom', 'Dalye' , '11/29/90', '1750638949', '68345 Faywel', 'Wilmington', 'MA', '30990',10648,7098);
INSERT INTO CITIZEN (SSN, USERID, FNAME,LNAME, DOB, PHONE, C_STREET, C_CITY, C_STATE, C_ZIP, SALARY, EXTRA_FUNDS) VALUES('510302923','0009', 'Danzel', 'Washington' , '03/07/02', '1284163037', '5166 Wiki Landing', 'Casper', 'TE', '97966',24344,16229);
INSERT INTO CITIZEN (SSN, USERID, FNAME,LNAME, DOB, PHONE, C_STREET, C_CITY, C_STATE, C_ZIP, SALARY, EXTRA_FUNDS) VALUES('388284682','0010', 'Roxia', 'Bowez' , '09/02/85', '1070184546', '0658 Creek', 'South Haven', 'MA', '15682',17166,11443);
INSERT INTO CITIZEN (SSN, USERID, FNAME,LNAME, DOB, PHONE, C_STREET, C_CITY, C_STATE, C_ZIP, SALARY, EXTRA_FUNDS) VALUES('532649042','0011', 'Roze', 'Bazz' , '01/23/98', '1383723498', '507 Boyles route', 'German Town', 'MA', '24460',9042,6027);
INSERT INTO CITIZEN (SSN, USERID, FNAME,LNAME, DOB, PHONE, C_STREET, C_CITY, C_STATE, C_ZIP, SALARY, EXTRA_FUNDS) VALUES('362315110','0012', 'Vonnie', 'Davey' , '09/18/90', '1241610748', '311 Mountain', 'Gadasgne', 'MI', '27538',16464,10976);
INSERT INTO CITIZEN (SSN, USERID, FNAME,LNAME, DOB, PHONE, C_STREET, C_CITY, C_STATE, C_ZIP, SALARY, EXTRA_FUNDS) VALUES('213416175','0014', 'Lylla', 'Fisher' , '02/01/86', '1916575735', '31 Stephens Street', 'Boston', 'MA', '02119',16127,10750);
INSERT INTO CITIZEN (SSN, USERID, FNAME,LNAME, DOB, PHONE, C_STREET, C_CITY, C_STATE, C_ZIP, SALARY, EXTRA_FUNDS) VALUES('011262500','0017', 'Neema', 'Dob' , '04/11/89', '1487204721', '79470 Turnpik', 'Boston', 'MA', '02120',63805,42536);
INSERT INTO CITIZEN (SSN, USERID, FNAME,LNAME, DOB, PHONE, C_STREET, C_CITY, C_STATE, C_ZIP, SALARY, EXTRA_FUNDS) VALUES('252502279','0022', 'Mickey', 'Mantle' , '10/03/85', '1311972038', '5474 Hermann Villa', 'Langsin', 'IN', '66438',13568,8112);
INSERT INTO CITIZEN (SSN, USERID, FNAME,LNAME, DOB, PHONE, C_STREET, C_CITY, C_STATE, C_ZIP, SALARY, EXTRA_FUNDS) VALUES('050188947','0024', 'Queen', 'Victoria' , '03/17/93', '1532177069', '157 Freida Group', 'Concord', 'IN', '17286',19924,10282);
INSERT INTO CITIZEN (SSN, USERID, FNAME,LNAME, DOB, PHONE, C_STREET, C_CITY, C_STATE, C_ZIP, SALARY, EXTRA_FUNDS) VALUES('036201638','0025', 'Norris', 'Kohl' , '12/08/91', '1282929618', '040 Shawn Common', 'Burlington', 'WA', '78048',15622,10081);
INSERT INTO CITIZEN (SSN, USERID, FNAME,LNAME, DOB, PHONE, C_STREET, C_CITY, C_STATE, C_ZIP, SALARY, EXTRA_FUNDS) VALUES('425750735','0027', 'Felicia', 'Maguire' , '10/29/80', '1750649839', '1625 Terraport', 'Seattle', 'WA', '35603',18648,12098);
INSERT INTO CITIZEN (SSN, USERID, FNAME,LNAME, DOB, PHONE, C_STREET, C_CITY, C_STATE, C_ZIP, SALARY, EXTRA_FUNDS) VALUES('530947038','0029', 'George', 'Brett' , '03/07/98', '1284130367', '368 Baire Harbour', 'Richland', 'TE', '41198',34344,19229);
INSERT INTO CITIZEN (SSN, USERID, FNAME,LNAME, DOB, PHONE, C_STREET, C_CITY, C_STATE, C_ZIP, SALARY, EXTRA_FUNDS) VALUES('680309914','0030', 'Briteny', 'Spears' , '09/02/95', '1078140546', '493 Mayport', 'South Roxbury', 'CA', '97144',27166,10443);
INSERT INTO CITIZEN (SSN, USERID, FNAME,LNAME, DOB, PHONE, C_STREET, C_CITY, C_STATE, C_ZIP, SALARY, EXTRA_FUNDS) VALUES('506361759','0031', 'Lizzie', 'Caplan' , '01/23/88', '1383432798', 'Micolet Circle', 'German Town', 'MI', '66297',19042,16027);
INSERT INTO CITIZEN (SSN, USERID, FNAME,LNAME, DOB, PHONE, C_STREET, C_CITY, C_STATE, C_ZIP, SALARY, EXTRA_FUNDS) VALUES('160729747','0034', 'Eric', 'Dier' , '11/08/90', '1241706148', '3866 Armstrong', 'Gadasgne', 'MI', '30756',26464,13976);
INSERT INTO CITIZEN (SSN, USERID, FNAME,LNAME, DOB, PHONE, C_STREET, C_CITY, C_STATE, C_ZIP, SALARY, EXTRA_FUNDS) VALUES('008742284','0035', 'Samuel', 'jackson' , '05/01/96', '1916573557', '21 Pyne Street', 'Birbingham', 'CA', '31256',19127,11750);
INSERT INTO CITIZEN (SSN, USERID, FNAME,LNAME, DOB, PHONE, C_STREET, C_CITY, C_STATE, C_ZIP, SALARY, EXTRA_FUNDS) VALUES('221606360','0032', 'Paul', 'Walker' , '04/09/89', '1274804721', '2336 Abigael', 'LA', 'CA', '46345',73805,44536);
INSERT INTO CITIZEN (SSN, USERID, FNAME,LNAME, DOB, PHONE, C_STREET, C_CITY, C_STATE, C_ZIP, SALARY, EXTRA_FUNDS) VALUES('121584116','0037', 'Michelle', 'Mocha' , '08/28/90', '1241761048', '728 Parkway', 'Rockport', 'MI', '74477',36464,20976);
INSERT INTO CITIZEN (SSN, USERID, FNAME,LNAME, DOB, PHONE, C_STREET, C_CITY, C_STATE, C_ZIP, SALARY, EXTRA_FUNDS) VALUES('147264147','0038', 'James', 'Brad' , '07/07/90', '1916123435', 'Hermann Planes', 'Portland', 'UT', '71161',56127,20750);




-- Inserting Values in CORPORATE Table
INSERT INTO CORPORATE (EIN, USERID, LEGAL_NAME, REG_DATE, PHONE, E_STREET, E_CITY, E_STATE, E_ZIP, OWNERSHIP_TYPE,ASSETS, TURNOVER) VALUES('160162952','0001', 'Elinore Holding' , '07/15/99', '1836221440', '88135 Valleys', 'Bloomington', 'CA','23545', 'LLC',165104,110068);
INSERT INTO CORPORATE (EIN, USERID, LEGAL_NAME, REG_DATE, PHONE, E_STREET, E_CITY, E_STATE, E_ZIP, OWNERSHIP_TYPE,ASSETS, TURNOVER) VALUES('035587529','0003', 'Lorna Oakley' , '09/07/82', '1580661681', '536 Manor', 'Kent', 'MA','93933', 'PVT LTD',108920,72612);
INSERT INTO CORPORATE (EIN, USERID, LEGAL_NAME, REG_DATE, PHONE, E_STREET, E_CITY, E_STATE, E_ZIP, OWNERSHIP_TYPE,ASSETS, TURNOVER) VALUES('532111082','0006', 'Micole Kidman' , '08/21/89', '1040534054', '46472 Koepp', 'Rocky Mountain', 'UT', '07244','LLC',188598,125731);
INSERT INTO CORPORATE (EIN, USERID, LEGAL_NAME, REG_DATE, PHONE, E_STREET, E_CITY, E_STATE, E_ZIP, OWNERSHIP_TYPE,ASSETS, TURNOVER) VALUES('232066614','0008', 'Barak Obama' , '07/12/95', '1017059642', '19621 Phoedewalk', 'Auburn', 'MA','53500', 'PVT LTD',166804,111202);
INSERT INTO CORPORATE (EIN, USERID, LEGAL_NAME, REG_DATE, PHONE, E_STREET, E_CITY, E_STATE, E_ZIP, OWNERSHIP_TYPE,ASSETS, TURNOVER) VALUES('509423725','0013', 'Anna Faris' , '08/12/86', '1214721934', '28 Westland Avenue', 'Boston', 'MA','02115', 'PROPRIETOR',63443,42295);
INSERT INTO CORPORATE (EIN, USERID, LEGAL_NAME, REG_DATE, PHONE, E_STREET, E_CITY, E_STATE, E_ZIP, OWNERSHIP_TYPE,ASSETS, TURNOVER) VALUES('268840070','0015', 'Angelina Jolie' , '05/11/98', '1717497614', '123 Northampton Street', 'Boston', 'MA','02118', 'PROPREITOR',61435,40956);
INSERT INTO CORPORATE (EIN, USERID, LEGAL_NAME, REG_DATE, PHONE, E_STREET, E_CITY, E_STATE, E_ZIP, OWNERSHIP_TYPE,ASSETS, TURNOVER) VALUES('269058982','0016', 'George Cooney' , '09/16/85', '1261477997', '1833 Isle', 'Florentine', 'MA', '89052','LLC',198086,132057);
INSERT INTO CORPORATE (EIN, USERID, LEGAL_NAME, REG_DATE, PHONE, E_STREET, E_CITY, E_STATE, E_ZIP, OWNERSHIP_TYPE,ASSETS, TURNOVER) VALUES('503928485','0018', 'Allison Brie' , '07/12/91', '1224739627', '9621 Phoedewalk', 'Concord', 'MA','76924', 'PVT LTD',42312,28208);
INSERT INTO CORPORATE (EIN, USERID, LEGAL_NAME, REG_DATE, PHONE, E_STREET, E_CITY, E_STATE, E_ZIP, OWNERSHIP_TYPE,ASSETS, TURNOVER) VALUES('509168978','0019', 'Gary Grant' , '03/10/88', '1525731586', '68280 Plaza', 'Boston', 'MA','02115', 'PVT LTD',176320,117546);
INSERT INTO CORPORATE (EIN, USERID, LEGAL_NAME, REG_DATE, PHONE, E_STREET, E_CITY, E_STATE, E_ZIP, OWNERSHIP_TYPE,ASSETS, TURNOVER) VALUES('387983611','0020', 'Roger Baister' , '05/11/95', '1585394573', '111 Roxbury', 'Boston', 'MA','02111', 'PROPREITOR',76778,51184);
INSERT INTO CORPORATE (EIN, USERID, LEGAL_NAME, REG_DATE, PHONE, E_STREET, E_CITY, E_STATE, E_ZIP, OWNERSHIP_TYPE,ASSETS, TURNOVER) VALUES('462502821','0021', 'Tessie Dennis' , '08/01/92', '1043450054', 'Wtting Roads', 'Rocky Mountain', 'UT', '82499','LLC',188598,625731);
INSERT INTO CORPORATE (EIN, USERID, LEGAL_NAME, REG_DATE, PHONE, E_STREET, E_CITY, E_STATE, E_ZIP, OWNERSHIP_TYPE,ASSETS, TURNOVER) VALUES('212513938','0023', 'Ansel Elgorte' , '02/12/92', '1019507642', '111 Gencow', 'Lake Charles', 'MI','42786', 'PVT LTD',196804,101202);
INSERT INTO CORPORATE (EIN, USERID, LEGAL_NAME, REG_DATE, PHONE, E_STREET, E_CITY, E_STATE, E_ZIP, OWNERSHIP_TYPE,ASSETS, TURNOVER) VALUES('529185531','0026', 'Liana Mirror' , '08/01/90', '1214972134', '5017 Stawrman', 'York', 'CA','44128', 'PROPRIETOR',83443,52295);
INSERT INTO CORPORATE (EIN, USERID, LEGAL_NAME, REG_DATE, PHONE, E_STREET, E_CITY, E_STATE, E_ZIP, OWNERSHIP_TYPE,ASSETS, TURNOVER) VALUES('051725669','0028', 'Wiz Khalifa' , '05/11/91', '1717679414', '219 Leo Street', 'Washington', 'WA','12868', 'PROPREITOR',91435,70956);
INSERT INTO CORPORATE (EIN, USERID, LEGAL_NAME, REG_DATE, PHONE, E_STREET, E_CITY, E_STATE, E_ZIP, OWNERSHIP_TYPE,ASSETS, TURNOVER) VALUES('430865851','0033', 'Ben Stellar' , '02/06/88', '1247167997', '048 Samantha', 'Portsmouth', 'TE', '89293','LLC',398086,232057);
INSERT INTO CORPORATE (EIN, USERID, LEGAL_NAME, REG_DATE, PHONE, E_STREET, E_CITY, E_STATE, E_ZIP, OWNERSHIP_TYPE,ASSETS, TURNOVER) VALUES('478126656','0036', 'Jessie Ovens' , '01/22/91', '1229374627', '2251 Crest', 'Granperks', 'UT','15699', 'PVT LTD',82312,38208);
INSERT INTO CORPORATE (EIN, USERID, LEGAL_NAME, REG_DATE, PHONE, E_STREET, E_CITY, E_STATE, E_ZIP, OWNERSHIP_TYPE,ASSETS, TURNOVER) VALUES('247828191','0039', 'Emilia kork' , '03/18/89', '1525513786', '7239 Garden', 'Huntington', 'TE','41001', 'PVT LTD',276320,217546);
INSERT INTO CORPORATE (EIN, USERID, LEGAL_NAME, REG_DATE, PHONE, E_STREET, E_CITY, E_STATE, E_ZIP, OWNERSHIP_TYPE,ASSETS, TURNOVER) VALUES('575286356','0040', 'Claire Lewis' , '09/21/91', '1584953573', '121 Southbay', 'Lowell', 'UT','71819', 'PROPREITOR',156778,91184);




-- Inserting Values in TAX Table
INSERT INTO TAX (TAX_CODE, USERID, SSN, EIN, PAYER_ENTITY, TAX_CATEGORY, TAX_DESC) VALUES('T_CODE001', '0002','528580463', 'NULL', 'Citizen' , 'Income Tax', 'You have got paid, pay the tax!!!!!');
INSERT INTO TAX (TAX_CODE, USERID, SSN, EIN, PAYER_ENTITY, TAX_CATEGORY, TAX_DESC) VALUES('T_CODE002', '0004','449687945', 'NULL', 'Citizen' , 'Leisure Tax', 'You own a personal car, pay the tax!!!!!');
INSERT INTO TAX (TAX_CODE, USERID, SSN, EIN, PAYER_ENTITY, TAX_CATEGORY, TAX_DESC) VALUES('T_CODE003', '0005','519335379', 'NULL', 'Citizen' , 'Leisure Tax', 'You own a house, pay the tax!!!!!');
INSERT INTO TAX (TAX_CODE, USERID, SSN, EIN, PAYER_ENTITY, TAX_CATEGORY, TAX_DESC) VALUES('T_CODE004', '0007','521940761', 'NULL', 'Citizen', 'Income Tax', 'You go to restaurants, pay the tax!!!!!');
INSERT INTO TAX (TAX_CODE, USERID, SSN, EIN, PAYER_ENTITY, TAX_CATEGORY, TAX_DESC) VALUES('T_CODE005', '0009','510302923', 'NULL', 'Citizen' , 'Leisure Tax', 'You buy grocery, pay the tax!!!!');
INSERT INTO TAX (TAX_CODE, USERID, SSN, EIN, PAYER_ENTITY, TAX_CATEGORY, TAX_DESC) VALUES('T_CODE006', '0010','388284682', 'NULL', 'Citizen' , 'Income Tax', 'You have got paid, pay the tax!!!!!');
INSERT INTO TAX (TAX_CODE, USERID, SSN, EIN, PAYER_ENTITY, TAX_CATEGORY, TAX_DESC) VALUES('T_CODE007', '0011','532649042', 'NULL', 'Citizen' , 'Leisure Tax', 'You buy grocery, pay the tax!!!!');
INSERT INTO TAX (TAX_CODE, USERID, SSN, EIN, PAYER_ENTITY, TAX_CATEGORY, TAX_DESC) VALUES('T_CODE008', '0012','362315110', 'NULL', 'Citizen' , 'Leisure Tax', 'You own a house, pay the tax!!!!!!');
INSERT INTO TAX (TAX_CODE, USERID, SSN, EIN, PAYER_ENTITY, TAX_CATEGORY, TAX_DESC) VALUES('T_CODE009', '0014','213416175', 'NULL', 'Citizen' , 'Income Tax', 'You have got paid, pay the tax!!!!!');
INSERT INTO TAX (TAX_CODE, USERID, SSN, EIN, PAYER_ENTITY, TAX_CATEGORY, TAX_DESC) VALUES('T_CODE010', '0017','011262500', 'NULL', 'Citizen' , 'Income Tax', 'You have got paid, pay the tax!!!!!');
INSERT INTO TAX (TAX_CODE, USERID, SSN, EIN, PAYER_ENTITY, TAX_CATEGORY, TAX_DESC) VALUES('T_CODE011', '0001','NULL','160162952', 'Corporate', 'Estate Tax', 'You have acquired a land, pay the tax!!!!!');
INSERT INTO TAX (TAX_CODE, USERID, SSN, EIN, PAYER_ENTITY, TAX_CATEGORY, TAX_DESC) VALUES('T_CODE012', '0003','NULL','035587529', 'Corporate', 'Excise Tax', 'You have got fuel station, pay the tax!!!!!');
INSERT INTO TAX (TAX_CODE, USERID, SSN, EIN, PAYER_ENTITY, TAX_CATEGORY, TAX_DESC) VALUES('T_CODE013', '0006','NULL','532111082', 'Corporate', 'Sales & Use Tax', 'You have bought a car, pay the tax!!!! ');
INSERT INTO TAX (TAX_CODE, USERID, SSN, EIN, PAYER_ENTITY, TAX_CATEGORY, TAX_DESC) VALUES('T_CODE014', '0008','NULL','232066614', 'Corporate', 'Estate Tax', 'You have acquired an apartment, pay the tax!!!!!');
INSERT INTO TAX (TAX_CODE, USERID, SSN, EIN, PAYER_ENTITY, TAX_CATEGORY, TAX_DESC) VALUES('T_CODE015', '0013','NULL','509423725', 'Corporate', 'Sales & Use Tax', 'You have sold materials with textile industry, pay the tax!!!!');
INSERT INTO TAX (TAX_CODE, USERID, SSN, EIN, PAYER_ENTITY, TAX_CATEGORY, TAX_DESC) VALUES('T_CODE016', '0015','NULL','268840070', 'Corporate', 'Excise Tax', 'You got licesnse to a liquor shop, pay the tax!!!!!');
INSERT INTO TAX (TAX_CODE, USERID, SSN, EIN, PAYER_ENTITY, TAX_CATEGORY, TAX_DESC) VALUES('T_CODE017', '0016','NULL','269058982', 'Corporate', 'Sales & Use Tax', 'You have bought electronic equipments, pay the tax!!!!!');
INSERT INTO TAX (TAX_CODE, USERID, SSN, EIN, PAYER_ENTITY, TAX_CATEGORY, TAX_DESC) VALUES('T_CODE018', '0018','NULL','503928485', 'Corporate', 'Estate Tax', 'You have bought a commercial space, pay the tax!!!!!');
INSERT INTO TAX (TAX_CODE, USERID, SSN, EIN, PAYER_ENTITY, TAX_CATEGORY, TAX_DESC) VALUES('T_CODE019', '0019','NULL','509168978', 'Corporate', 'Estate Tax', 'You have acquired a land, pay the tax!!!!!');
INSERT INTO TAX (TAX_CODE,  USERID,SSN, EIN, PAYER_ENTITY, TAX_CATEGORY, TAX_DESC) VALUES('T_CODE020', '0020','NULL','387983611', 'Corporate', 'Excise Tax', 'You have got fuel station, pay the tax!!!!!');


INSERT INTO TAX (TAX_CODE, USERID, SSN, EIN, PAYER_ENTITY, TAX_CATEGORY, TAX_DESC) VALUES('T_CODE021', '0022','252502279', 'NULL', 'Citizen' , 'Income Tax', 'You have got paid, pay the tax!!!!!');
INSERT INTO TAX (TAX_CODE, USERID, SSN, EIN, PAYER_ENTITY, TAX_CATEGORY, TAX_DESC) VALUES('T_CODE022', '0024','050188947', 'NULL', 'Citizen' , 'Leisure Tax', 'You own a personal car, pay the tax!!!!!');
INSERT INTO TAX (TAX_CODE, USERID, SSN, EIN, PAYER_ENTITY, TAX_CATEGORY, TAX_DESC) VALUES('T_CODE023', '0025','036201638', 'NULL', 'Citizen' , 'Leisure Tax', 'You own a house, pay the tax!!!!!');
INSERT INTO TAX (TAX_CODE, USERID, SSN, EIN, PAYER_ENTITY, TAX_CATEGORY, TAX_DESC) VALUES('T_CODE024', '0027','425750735', 'NULL', 'Citizen', 'Income Tax', 'You go to restaurants, pay the tax!!!!!');
INSERT INTO TAX (TAX_CODE, USERID, SSN, EIN, PAYER_ENTITY, TAX_CATEGORY, TAX_DESC) VALUES('T_CODE025', '0029','530947038', 'NULL', 'Citizen' , 'Leisure Tax', 'You buy grocery, pay the tax!!!!');
INSERT INTO TAX (TAX_CODE, USERID, SSN, EIN, PAYER_ENTITY, TAX_CATEGORY, TAX_DESC) VALUES('T_CODE026', '0030','680309914', 'NULL', 'Citizen' , 'Income Tax', 'You have got paid, pay the tax!!!!!');
INSERT INTO TAX (TAX_CODE, USERID, SSN, EIN, PAYER_ENTITY, TAX_CATEGORY, TAX_DESC) VALUES('T_CODE027', '0031','506362779', 'NULL', 'Citizen' , 'Leisure Tax', 'You buy grocery, pay the tax!!!!');
INSERT INTO TAX (TAX_CODE, USERID, SSN, EIN, PAYER_ENTITY, TAX_CATEGORY, TAX_DESC) VALUES('T_CODE028', '0032','221606360', 'NULL', 'Citizen' , 'Leisure Tax', 'You own a house, pay the tax!!!!!!');
INSERT INTO TAX (TAX_CODE, USERID, SSN, EIN, PAYER_ENTITY, TAX_CATEGORY, TAX_DESC) VALUES('T_CODE029', '0034','160729747', 'NULL', 'Citizen' , 'Income Tax', 'You have got paid, pay the tax!!!!!');
INSERT INTO TAX (TAX_CODE, USERID, SSN, EIN, PAYER_ENTITY, TAX_CATEGORY, TAX_DESC) VALUES('T_CODE030', '0035','008742284', 'NULL', 'Citizen' , 'Income Tax', 'You have got paid, pay the tax!!!!!');
INSERT INTO TAX (TAX_CODE, USERID, SSN, EIN, PAYER_ENTITY, TAX_CATEGORY, TAX_DESC) VALUES('T_CODE031', '0037','121584116', 'NULL', 'Citizen' , 'Income Tax', 'You have got paid, pay the tax!!!!!');
INSERT INTO TAX (TAX_CODE, USERID, SSN, EIN, PAYER_ENTITY, TAX_CATEGORY, TAX_DESC) VALUES('T_CODE032', '0038','147264147', 'NULL', 'Citizen' , 'Income Tax', 'You have got paid, pay the tax!!!!!');
INSERT INTO TAX (TAX_CODE, USERID, SSN, EIN, PAYER_ENTITY, TAX_CATEGORY, TAX_DESC) VALUES('T_CODE033', '0021','NULL','462502821', 'Corporate', 'Sales & Use Tax', 'You have bought a car, pay the tax!!!! ');
INSERT INTO TAX (TAX_CODE, USERID, SSN, EIN, PAYER_ENTITY, TAX_CATEGORY, TAX_DESC) VALUES('T_CODE034', '0023','NULL','212513938', 'Corporate', 'Estate Tax', 'You have acquired an apartment, pay the tax!!!!!');
INSERT INTO TAX (TAX_CODE, USERID, SSN, EIN, PAYER_ENTITY, TAX_CATEGORY, TAX_DESC) VALUES('T_CODE035', '0026','NULL','529185531', 'Corporate', 'Sales & Use Tax', 'You have sold materials with textile industry, pay the tax!!!!');
INSERT INTO TAX (TAX_CODE, USERID, SSN, EIN, PAYER_ENTITY, TAX_CATEGORY, TAX_DESC) VALUES('T_CODE036', '0028','NULL','051725669', 'Corporate', 'Excise Tax', 'You got licesnse to a liquor shop, pay the tax!!!!!');
INSERT INTO TAX (TAX_CODE, USERID, SSN, EIN, PAYER_ENTITY, TAX_CATEGORY, TAX_DESC) VALUES('T_CODE037', '0033','NULL','430865851', 'Corporate', 'Sales & Use Tax', 'You have bought electronic equipments, pay the tax!!!!!');
INSERT INTO TAX (TAX_CODE, USERID, SSN, EIN, PAYER_ENTITY, TAX_CATEGORY, TAX_DESC) VALUES('T_CODE038', '0036','NULL','478126656', 'Corporate', 'Estate Tax', 'You have bought a commercial space, pay the tax!!!!!');
INSERT INTO TAX (TAX_CODE, USERID, SSN, EIN, PAYER_ENTITY, TAX_CATEGORY, TAX_DESC) VALUES('T_CODE039', '0039','NULL','247828191', 'Corporate', 'Estate Tax', 'You have acquired a land, pay the tax!!!!!');
INSERT INTO TAX (TAX_CODE,  USERID,SSN, EIN, PAYER_ENTITY, TAX_CATEGORY, TAX_DESC) VALUES('T_CODE040', '0040','NULL','575286356', 'Corporate', 'Excise Tax', 'You have got fuel station, pay the tax!!!!!');


-- SP_HELP TAX;


-- Inserting values in PAYMENT table
INSERT INTO PAYMENT ( TAX_CODE,  PAY_AMT, PAY_DATE, PAY_MODE) VALUES('T_CODE001', 7291,'10/19/19','Credit Card');
INSERT INTO PAYMENT ( TAX_CODE,  PAY_AMT, PAY_DATE, PAY_MODE) VALUES('T_CODE002', 8470,'04/12/19','Money Order');
INSERT INTO PAYMENT ( TAX_CODE,  PAY_AMT, PAY_DATE, PAY_MODE) VALUES('T_CODE003', 8319,'10/08/19','Debit Card');
INSERT INTO PAYMENT ( TAX_CODE,  PAY_AMT, PAY_DATE, PAY_MODE) VALUES('T_CODE004', 5329,'11/29/19','Netbanking');
INSERT INTO PAYMENT ( TAX_CODE,  PAY_AMT, PAY_DATE, PAY_MODE) VALUES('T_CODE005', 12184,'10/05/19','Debit Card');
INSERT INTO PAYMENT ( TAX_CODE,  PAY_AMT, PAY_DATE, PAY_MODE) VALUES('T_CODE006', 8591,'03/01/20','Money Order');
INSERT INTO PAYMENT ( TAX_CODE,  PAY_AMT, PAY_DATE, PAY_MODE) VALUES('T_CODE007', 4525,'04/13/19','Credit Card');
INSERT INTO PAYMENT ( TAX_CODE,  PAY_AMT, PAY_DATE, PAY_MODE) VALUES('T_CODE008', 8240,'11/05/19','Credit Card');
INSERT INTO PAYMENT ( TAX_CODE,  PAY_AMT, PAY_DATE, PAY_MODE) VALUES('T_CODE009', 8071,'11/14/19','Netbanking');
INSERT INTO PAYMENT ( TAX_CODE,  PAY_AMT, PAY_DATE, PAY_MODE) VALUES('T_CODE010', 31934,'03/24/19','Netbanking');
INSERT INTO PAYMENT ( TAX_CODE,  PAY_AMT, PAY_DATE, PAY_MODE) VALUES('T_CODE011', 82634,'08/18/19','Credit Card');
INSERT INTO PAYMENT ( TAX_CODE,  PAY_AMT, PAY_DATE, PAY_MODE) VALUES('T_CODE012', 54514,'10/07/19','Credit Card');
INSERT INTO PAYMENT ( TAX_CODE,  PAY_AMT, PAY_DATE, PAY_MODE) VALUES('T_CODE013', 94393,'01/27/20','Netbanking');
INSERT INTO PAYMENT ( TAX_CODE,  PAY_AMT, PAY_DATE, PAY_MODE) VALUES('T_CODE014', 83485,'06/28/19','Credit Card');
INSERT INTO PAYMENT ( TAX_CODE,  PAY_AMT, PAY_DATE, PAY_MODE) VALUES('T_CODE015', 31753,'01/26/20','Netbanking');
INSERT INTO PAYMENT ( TAX_CODE,  PAY_AMT, PAY_DATE, PAY_MODE) VALUES('T_CODE016', 30748,'02/17/20','Netbanking');
INSERT INTO PAYMENT ( TAX_CODE,  PAY_AMT, PAY_DATE, PAY_MODE) VALUES('T_CODE017', 99142,'12/22/19','Credit Card');
INSERT INTO PAYMENT ( TAX_CODE,  PAY_AMT, PAY_DATE, PAY_MODE) VALUES('T_CODE018', 21177,'01/10/20','Netbanking');
INSERT INTO PAYMENT ( TAX_CODE,  PAY_AMT, PAY_DATE, PAY_MODE) VALUES('T_CODE019', 88248,'04/05/20','Netbanking');
INSERT INTO PAYMENT ( TAX_CODE,  PAY_AMT, PAY_DATE, PAY_MODE) VALUES('T_CODE020', 38427,'10/23/19','Credit Card');
INSERT INTO PAYMENT ( TAX_CODE,  PAY_AMT, PAY_DATE, PAY_MODE) VALUES('T_CODE021', 6504,'11/09/19','Credit Card');
INSERT INTO PAYMENT ( TAX_CODE,  PAY_AMT, PAY_DATE, PAY_MODE) VALUES('T_CODE022', 9061,'03/11/19','Money Order');
INSERT INTO PAYMENT ( TAX_CODE,  PAY_AMT, PAY_DATE, PAY_MODE) VALUES('T_CODE023', 7710,'11/21/19','Debit Card');
INSERT INTO PAYMENT ( TAX_CODE,  PAY_AMT, PAY_DATE, PAY_MODE) VALUES('T_CODE024', 9223,'12/09/19','Netbanking');
INSERT INTO PAYMENT ( TAX_CODE,  PAY_AMT, PAY_DATE, PAY_MODE) VALUES('T_CODE025', 16071,'10/05/19','Credit Card');
INSERT INTO PAYMENT ( TAX_CODE,  PAY_AMT, PAY_DATE, PAY_MODE) VALUES('T_CODE026', 11282,'02/21/20','Money Order');
INSERT INTO PAYMENT ( TAX_CODE,  PAY_AMT, PAY_DATE, PAY_MODE) VALUES('T_CODE027', 10520,'07/23/19','Credit Card');
INSERT INTO PAYMENT ( TAX_CODE,  PAY_AMT, PAY_DATE, PAY_MODE) VALUES('T_CODE028', 35505,'10/05/19','Credit Card');
INSERT INTO PAYMENT ( TAX_CODE,  PAY_AMT, PAY_DATE, PAY_MODE) VALUES('T_CODE029', 12132,'02/14/20','Netbanking');
INSERT INTO PAYMENT ( TAX_CODE,  PAY_AMT, PAY_DATE, PAY_MODE) VALUES('T_CODE030', 9258,'05/24/19','Netbanking');
INSERT INTO PAYMENT ( TAX_CODE,  PAY_AMT, PAY_DATE, PAY_MODE) VALUES('T_CODE031', 17232,'08/18/19','Debit Card');
INSERT INTO PAYMENT ( TAX_CODE,  PAY_AMT, PAY_DATE, PAY_MODE) VALUES('T_CODE032', 23063,'10/07/19','Credit Card');
INSERT INTO PAYMENT ( TAX_CODE,  PAY_AMT, PAY_DATE, PAY_MODE) VALUES('T_CODE033', 244298,'01/15/20','Netbanking');
INSERT INTO PAYMENT ( TAX_CODE,  PAY_AMT, PAY_DATE, PAY_MODE) VALUES('T_CODE034', 89401,'09/20/19','Credit Card');
INSERT INTO PAYMENT ( TAX_CODE,  PAY_AMT, PAY_DATE, PAY_MODE) VALUES('T_CODE035', 40721,'01/06/20','Netbanking');
INSERT INTO PAYMENT ( TAX_CODE,  PAY_AMT, PAY_DATE, PAY_MODE) VALUES('T_CODE036', 48717,'02/27/20','Netbanking');
INSERT INTO PAYMENT ( TAX_CODE,  PAY_AMT, PAY_DATE, PAY_MODE) VALUES('T_CODE037', 189042,'10/12/19','Credit Card');
INSERT INTO PAYMENT ( TAX_CODE,  PAY_AMT, PAY_DATE, PAY_MODE) VALUES('T_CODE038', 36156,'01/31/20','Netbanking');
INSERT INTO PAYMENT ( TAX_CODE,  PAY_AMT, PAY_DATE, PAY_MODE) VALUES('T_CODE039', 148159,'03/01/20','Netbanking');
INSERT INTO PAYMENT ( TAX_CODE,  PAY_AMT, PAY_DATE, PAY_MODE) VALUES('T_CODE040', 74388,'10/23/19','Credit Card');




-- Inserting values in TAX_LEVEL table
INSERT INTO TAX_LEVEL ( TAX_LEVEL, GOVT_TYPE) VALUES('S', 'State');
INSERT INTO TAX_LEVEL ( TAX_LEVEL, GOVT_TYPE) VALUES('F', 'Federal');

-- Inserting values in GOVERNMENT table
INSERT INTO GOVERNMENT ( STATE_ID, TAX_CODE, TAX_LEVEL) VALUES('MA', 'T_CODE001', 'S');
INSERT INTO GOVERNMENT ( STATE_ID, TAX_CODE, TAX_LEVEL) VALUES('IN', 'T_CODE002', 'F');
INSERT INTO GOVERNMENT ( STATE_ID, TAX_CODE, TAX_LEVEL) VALUES('WA', 'T_CODE003', 'S');
INSERT INTO GOVERNMENT ( STATE_ID, TAX_CODE, TAX_LEVEL) VALUES('MA', 'T_CODE004', 'S');
INSERT INTO GOVERNMENT ( STATE_ID, TAX_CODE, TAX_LEVEL) VALUES('TE', 'T_CODE005', 'F');
INSERT INTO GOVERNMENT ( STATE_ID, TAX_CODE, TAX_LEVEL) VALUES('MA', 'T_CODE006', 'F');
INSERT INTO GOVERNMENT ( STATE_ID, TAX_CODE, TAX_LEVEL) VALUES('MA', 'T_CODE007', 'S');
INSERT INTO GOVERNMENT ( STATE_ID, TAX_CODE, TAX_LEVEL) VALUES('MI', 'T_CODE008', 'F');
INSERT INTO GOVERNMENT ( STATE_ID, TAX_CODE, TAX_LEVEL) VALUES('MA', 'T_CODE009', 'F');
INSERT INTO GOVERNMENT ( STATE_ID, TAX_CODE, TAX_LEVEL) VALUES('MA', 'T_CODE010', 'F');
INSERT INTO GOVERNMENT ( STATE_ID, TAX_CODE, TAX_LEVEL) VALUES('CA', 'T_CODE011', 'S');
INSERT INTO GOVERNMENT ( STATE_ID, TAX_CODE, TAX_LEVEL) VALUES('MA', 'T_CODE012', 'S');
INSERT INTO GOVERNMENT ( STATE_ID, TAX_CODE, TAX_LEVEL) VALUES('UT', 'T_CODE013', 'F');
INSERT INTO GOVERNMENT ( STATE_ID, TAX_CODE, TAX_LEVEL) VALUES('MA', 'T_CODE014', 'S');
INSERT INTO GOVERNMENT ( STATE_ID, TAX_CODE, TAX_LEVEL) VALUES('MA', 'T_CODE015', 'S');
INSERT INTO GOVERNMENT ( STATE_ID, TAX_CODE, TAX_LEVEL) VALUES('MA', 'T_CODE016', 'S');
INSERT INTO GOVERNMENT ( STATE_ID, TAX_CODE, TAX_LEVEL) VALUES('MA', 'T_CODE017', 'F');
INSERT INTO GOVERNMENT ( STATE_ID, TAX_CODE, TAX_LEVEL) VALUES('MA', 'T_CODE018', 'F');
INSERT INTO GOVERNMENT ( STATE_ID, TAX_CODE, TAX_LEVEL) VALUES('MA', 'T_CODE019', 'S');
INSERT INTO GOVERNMENT ( STATE_ID, TAX_CODE, TAX_LEVEL) VALUES('MA', 'T_CODE020', 'F');
INSERT INTO GOVERNMENT ( STATE_ID, TAX_CODE, TAX_LEVEL) VALUES('IN', 'T_CODE021', 'S');
INSERT INTO GOVERNMENT ( STATE_ID, TAX_CODE, TAX_LEVEL) VALUES('IN', 'T_CODE022', 'F');
INSERT INTO GOVERNMENT ( STATE_ID, TAX_CODE, TAX_LEVEL) VALUES('WA', 'T_CODE023', 'S');
INSERT INTO GOVERNMENT ( STATE_ID, TAX_CODE, TAX_LEVEL) VALUES('WA', 'T_CODE024', 'S');
INSERT INTO GOVERNMENT ( STATE_ID, TAX_CODE, TAX_LEVEL) VALUES('TE', 'T_CODE025', 'F');
INSERT INTO GOVERNMENT ( STATE_ID, TAX_CODE, TAX_LEVEL) VALUES('CA', 'T_CODE026', 'F');
INSERT INTO GOVERNMENT ( STATE_ID, TAX_CODE, TAX_LEVEL) VALUES('MI', 'T_CODE027', 'S');
INSERT INTO GOVERNMENT ( STATE_ID, TAX_CODE, TAX_LEVEL) VALUES('CA', 'T_CODE028', 'F');
INSERT INTO GOVERNMENT ( STATE_ID, TAX_CODE, TAX_LEVEL) VALUES('MI', 'T_CODE029', 'F');
INSERT INTO GOVERNMENT ( STATE_ID, TAX_CODE, TAX_LEVEL) VALUES('CA', 'T_CODE030', 'F');
INSERT INTO GOVERNMENT ( STATE_ID, TAX_CODE, TAX_LEVEL) VALUES('MI', 'T_CODE031', 'S');
INSERT INTO GOVERNMENT ( STATE_ID, TAX_CODE, TAX_LEVEL) VALUES('UT', 'T_CODE032', 'S');
INSERT INTO GOVERNMENT ( STATE_ID, TAX_CODE, TAX_LEVEL) VALUES('UT', 'T_CODE033', 'F');
INSERT INTO GOVERNMENT ( STATE_ID, TAX_CODE, TAX_LEVEL) VALUES('MI', 'T_CODE034', 'S');
INSERT INTO GOVERNMENT ( STATE_ID, TAX_CODE, TAX_LEVEL) VALUES('CA', 'T_CODE035', 'S');
INSERT INTO GOVERNMENT ( STATE_ID, TAX_CODE, TAX_LEVEL) VALUES('WA', 'T_CODE036', 'S');
INSERT INTO GOVERNMENT ( STATE_ID, TAX_CODE, TAX_LEVEL) VALUES('TE', 'T_CODE037', 'F');
INSERT INTO GOVERNMENT ( STATE_ID, TAX_CODE, TAX_LEVEL) VALUES('UT', 'T_CODE038', 'F');
INSERT INTO GOVERNMENT ( STATE_ID, TAX_CODE, TAX_LEVEL) VALUES('TE', 'T_CODE039', 'S');
INSERT INTO GOVERNMENT ( STATE_ID, TAX_CODE, TAX_LEVEL) VALUES('UT', 'T_CODE040', 'F');




-- Inserting values in EXPENDITURE table
INSERT INTO EXPENDITURE ( EXP_ID, EXP_TYPE, STATE_ID, TAX_CODE) VALUES('EXP_ID001', 'HEALTH', 'MA', 'T_CODE001');
INSERT INTO EXPENDITURE ( EXP_ID, EXP_TYPE, STATE_ID, TAX_CODE) VALUES('EXP_ID002', 'COMMUNITY', 'IN', 'T_CODE002');
INSERT INTO EXPENDITURE ( EXP_ID, EXP_TYPE, STATE_ID, TAX_CODE) VALUES('EXP_ID003', 'ROADS_TRANSPORT', 'WA', 'T_CODE003');
INSERT INTO EXPENDITURE ( EXP_ID, EXP_TYPE, STATE_ID, TAX_CODE) VALUES('EXP_ID004', 'DEDUCTION', 'MA', 'T_CODE004');
INSERT INTO EXPENDITURE ( EXP_ID, EXP_TYPE, STATE_ID, TAX_CODE) VALUES('EXP_ID005', 'HEALTH', 'TE', 'T_CODE005');
INSERT INTO EXPENDITURE ( EXP_ID, EXP_TYPE, STATE_ID, TAX_CODE) VALUES('EXP_ID006', 'COMMUNITY', 'MA', 'T_CODE006');
INSERT INTO EXPENDITURE ( EXP_ID, EXP_TYPE, STATE_ID, TAX_CODE) VALUES('EXP_ID007', 'ROADS_TRANSPORT', 'MA', 'T_CODE007');
INSERT INTO EXPENDITURE ( EXP_ID, EXP_TYPE, STATE_ID, TAX_CODE) VALUES('EXP_ID008', 'DEDUCTION', 'MI', 'T_CODE008');
INSERT INTO EXPENDITURE ( EXP_ID, EXP_TYPE, STATE_ID, TAX_CODE) VALUES('EXP_ID009', 'HEALTH', 'MA', 'T_CODE009');
INSERT INTO EXPENDITURE ( EXP_ID, EXP_TYPE, STATE_ID, TAX_CODE) VALUES('EXP_ID010', 'COMMUNITY', 'MA', 'T_CODE010');
INSERT INTO EXPENDITURE ( EXP_ID, EXP_TYPE, STATE_ID, TAX_CODE) VALUES('EXP_ID011', 'ROADS_TRANSPORT', 'CA', 'T_CODE011');
INSERT INTO EXPENDITURE ( EXP_ID, EXP_TYPE, STATE_ID, TAX_CODE) VALUES('EXP_ID012', 'DEDUCTION', 'MA', 'T_CODE012');
INSERT INTO EXPENDITURE ( EXP_ID, EXP_TYPE, STATE_ID, TAX_CODE) VALUES('EXP_ID013', 'HEALTH', 'UT', 'T_CODE013');
INSERT INTO EXPENDITURE ( EXP_ID, EXP_TYPE, STATE_ID, TAX_CODE) VALUES('EXP_ID014', 'COMMUNITY', 'MA', 'T_CODE014');
INSERT INTO EXPENDITURE ( EXP_ID, EXP_TYPE, STATE_ID, TAX_CODE) VALUES('EXP_ID015', 'ROADS_TRANSPORT', 'MA', 'T_CODE015');
INSERT INTO EXPENDITURE ( EXP_ID, EXP_TYPE, STATE_ID, TAX_CODE) VALUES('EXP_ID016', 'DEDUCTION', 'MA', 'T_CODE016');
INSERT INTO EXPENDITURE ( EXP_ID, EXP_TYPE, STATE_ID, TAX_CODE) VALUES('EXP_ID017', 'HEALTH', 'MA', 'T_CODE017');
INSERT INTO EXPENDITURE ( EXP_ID, EXP_TYPE, STATE_ID, TAX_CODE) VALUES('EXP_ID018', 'COMMUNITY', 'MA', 'T_CODE018');
INSERT INTO EXPENDITURE ( EXP_ID, EXP_TYPE, STATE_ID, TAX_CODE) VALUES('EXP_ID019', 'ROADS_TRANSPORT', 'MA', 'T_CODE019');
INSERT INTO EXPENDITURE ( EXP_ID, EXP_TYPE, STATE_ID, TAX_CODE) VALUES('EXP_ID020', 'DEDUCTION', 'MA', 'T_CODE020');
INSERT INTO EXPENDITURE ( EXP_ID, EXP_TYPE, STATE_ID, TAX_CODE) VALUES('EXP_ID021', 'HEALTH', 'IN', 'T_CODE021');
INSERT INTO EXPENDITURE ( EXP_ID, EXP_TYPE, STATE_ID, TAX_CODE) VALUES('EXP_ID022', 'COMMUNITY', 'IN', 'T_CODE022');
INSERT INTO EXPENDITURE ( EXP_ID, EXP_TYPE, STATE_ID, TAX_CODE) VALUES('EXP_ID023', 'ROADS_TRANSPORT', 'WA', 'T_CODE023');
INSERT INTO EXPENDITURE ( EXP_ID, EXP_TYPE, STATE_ID, TAX_CODE) VALUES('EXP_ID024', 'DEDUCTION', 'WA', 'T_CODE024');
INSERT INTO EXPENDITURE ( EXP_ID, EXP_TYPE, STATE_ID, TAX_CODE) VALUES('EXP_ID025', 'HEALTH', 'TE', 'T_CODE025');
INSERT INTO EXPENDITURE ( EXP_ID, EXP_TYPE, STATE_ID, TAX_CODE) VALUES('EXP_ID026', 'COMMUNITY', 'CA', 'T_CODE026');
INSERT INTO EXPENDITURE ( EXP_ID, EXP_TYPE, STATE_ID, TAX_CODE) VALUES('EXP_ID027', 'ROADS_TRANSPORT', 'MI', 'T_CODE027');
INSERT INTO EXPENDITURE ( EXP_ID, EXP_TYPE, STATE_ID, TAX_CODE) VALUES('EXP_ID028', 'DEDUCTION', 'CA', 'T_CODE028');
INSERT INTO EXPENDITURE ( EXP_ID, EXP_TYPE, STATE_ID, TAX_CODE) VALUES('EXP_ID029', 'HEALTH', 'MI', 'T_CODE029');
INSERT INTO EXPENDITURE ( EXP_ID, EXP_TYPE, STATE_ID, TAX_CODE) VALUES('EXP_ID030', 'COMMUNITY', 'CA', 'T_CODE030');
INSERT INTO EXPENDITURE ( EXP_ID, EXP_TYPE, STATE_ID, TAX_CODE) VALUES('EXP_ID031', 'ROADS_TRANSPORT', 'MI', 'T_CODE031');
INSERT INTO EXPENDITURE ( EXP_ID, EXP_TYPE, STATE_ID, TAX_CODE) VALUES('EXP_ID032', 'DEDUCTION', 'UT', 'T_CODE032');
INSERT INTO EXPENDITURE ( EXP_ID, EXP_TYPE, STATE_ID, TAX_CODE) VALUES('EXP_ID033', 'HEALTH', 'UT', 'T_CODE033');
INSERT INTO EXPENDITURE ( EXP_ID, EXP_TYPE, STATE_ID, TAX_CODE) VALUES('EXP_ID034', 'COMMUNITY', 'MI', 'T_CODE034');
INSERT INTO EXPENDITURE ( EXP_ID, EXP_TYPE, STATE_ID, TAX_CODE) VALUES('EXP_ID035', 'ROADS_TRANSPORT', 'CA', 'T_CODE035');
INSERT INTO EXPENDITURE ( EXP_ID, EXP_TYPE, STATE_ID, TAX_CODE) VALUES('EXP_ID036', 'DEDUCTION', 'WA', 'T_CODE036');
INSERT INTO EXPENDITURE ( EXP_ID, EXP_TYPE, STATE_ID, TAX_CODE) VALUES('EXP_ID037', 'HEALTH', 'TE', 'T_CODE037');
INSERT INTO EXPENDITURE ( EXP_ID, EXP_TYPE, STATE_ID, TAX_CODE) VALUES('EXP_ID038', 'COMMUNITY', 'UT', 'T_CODE038');
INSERT INTO EXPENDITURE ( EXP_ID, EXP_TYPE, STATE_ID, TAX_CODE) VALUES('EXP_ID039', 'ROADS_TRANSPORT', 'TE', 'T_CODE039');
INSERT INTO EXPENDITURE ( EXP_ID, EXP_TYPE, STATE_ID, TAX_CODE) VALUES('EXP_ID040', 'DEDUCTION', 'UT', 'T_CODE040');


-- Inserting values in HEALTH table
INSERT INTO HEALTH ( EXP_ID, H_AMT, H_CAUSE, H_DATE) VALUES('EXP_ID001', 6290, 'Used for cancer treatment', '07/22/19');
INSERT INTO HEALTH ( EXP_ID, H_AMT, H_CAUSE, H_DATE) VALUES('EXP_ID005', 6183, 'Used for Corona Virus', '02/05/20');
INSERT INTO HEALTH ( EXP_ID, H_AMT, H_CAUSE, H_DATE) VALUES('EXP_ID009', 7834, 'Used for Ebola', '01/14/20');
INSERT INTO HEALTH ( EXP_ID, H_AMT, H_CAUSE, H_DATE) VALUES('EXP_ID013', 45013, 'Used for HIV-AIDS', '03/22/20');
INSERT INTO HEALTH ( EXP_ID, H_AMT, H_CAUSE, H_DATE) VALUES('EXP_ID017', 37457, 'Used to build hospitals', '03/25/19');
INSERT INTO HEALTH ( EXP_ID, H_AMT, H_CAUSE, H_DATE) VALUES('EXP_ID021', 8060, 'Used for cancer treatment', '06/12/19');
INSERT INTO HEALTH ( EXP_ID, H_AMT, H_CAUSE, H_DATE) VALUES('EXP_ID025', 14070, 'Used for Corona Virus', '03/02/20');
INSERT INTO HEALTH ( EXP_ID, H_AMT, H_CAUSE, H_DATE) VALUES('EXP_ID029', 11000, 'Used for Ebola', '02/24/20');
INSERT INTO HEALTH ( EXP_ID, H_AMT, H_CAUSE, H_DATE) VALUES('EXP_ID033', 203290, 'Used for HIV-AIDS', '01/02/20');
INSERT INTO HEALTH ( EXP_ID, H_AMT, H_CAUSE, H_DATE) VALUES('EXP_ID037', 160042, 'Used to build hospitals', '01/25/19');


-- Inserting values in COMMUNITY table
INSERT INTO COMMUNITY ( EXP_ID, C_AMT, C_TYPE, C_DESC, C_DATE) VALUES('EXP_ID002', 4492, 'NGO', 'Invested in NGO. Planned to educate 10000 under priviliged children', '12/18/19');
INSERT INTO COMMUNITY ( EXP_ID, C_AMT, C_TYPE, C_DESC, C_DATE) VALUES('EXP_ID006', 3183, 'Food Shelter', 'Provisions for homeless around the town', '03/27/20');
INSERT INTO COMMUNITY ( EXP_ID, C_AMT, C_TYPE, C_DESC, C_DATE) VALUES('EXP_ID010', 26892, 'Public Garden', 'Maintenance of public gardens', '04/01/20');
INSERT INTO COMMUNITY ( EXP_ID, C_AMT, C_TYPE, C_DESC, C_DATE) VALUES('EXP_ID014', 32054, 'Public Toilets', 'Maintenance of public toilets', '02/16/20');
INSERT INTO COMMUNITY ( EXP_ID, C_AMT, C_TYPE, C_DESC, C_DATE) VALUES('EXP_ID018', 13322, 'Education', 'Building community colleges', '01/21/20');
INSERT INTO COMMUNITY ( EXP_ID, C_AMT, C_TYPE, C_DESC, C_DATE) VALUES('EXP_ID022', 7000, 'NGO', 'Invested in NGO. Planned to educate 10000 under priviliged children', '11/18/19');
INSERT INTO COMMUNITY ( EXP_ID, C_AMT, C_TYPE, C_DESC, C_DATE) VALUES('EXP_ID026', 8070, 'Food Shelter', 'Provisions for homeless around the town', '03/07/20');
INSERT INTO COMMUNITY ( EXP_ID, C_AMT, C_TYPE, C_DESC, C_DATE) VALUES('EXP_ID030', 5040, 'Public Garden', 'Maintenance of public gardens', '04/21/20');
INSERT INTO COMMUNITY ( EXP_ID, C_AMT, C_TYPE, C_DESC, C_DATE) VALUES('EXP_ID034', 700050, 'Public Toilets', 'Maintenance of public toilets', '02/19/20');
INSERT INTO COMMUNITY ( EXP_ID, C_AMT, C_TYPE, C_DESC, C_DATE) VALUES('EXP_ID038', 34050, 'Education', 'Building community colleges', '02/21/20');


-- Inserting values in ROADS_TRANSPORT table
INSERT INTO ROADS_TRANSPORT ( EXP_ID, RT_AMT, RT_DESC, RT_DATE) VALUES('EXP_ID003', 3404, 'Built a bridge', '10/16/19');
INSERT INTO ROADS_TRANSPORT ( EXP_ID, RT_AMT, RT_DESC, RT_DATE) VALUES('EXP_ID007', 5483, 'Road Maintenance', '04/03/20');
INSERT INTO ROADS_TRANSPORT ( EXP_ID, RT_AMT, RT_DESC, RT_DATE) VALUES('EXP_ID011', 23985, 'Maintenance of public transport', '01/05/20');
INSERT INTO ROADS_TRANSPORT ( EXP_ID, RT_AMT, RT_DESC, RT_DATE) VALUES('EXP_ID015', 16659, 'Maintenance of monuments', '02/06/20');
INSERT INTO ROADS_TRANSPORT ( EXP_ID, RT_AMT, RT_DESC, RT_DATE) VALUES('EXP_ID019', 25817, 'Maintenance of airports', '03/01/20');
INSERT INTO ROADS_TRANSPORT ( EXP_ID, RT_AMT, RT_DESC, RT_DATE) VALUES('EXP_ID023', 5000, 'Built a bridge', '11/26/19');
INSERT INTO ROADS_TRANSPORT ( EXP_ID, RT_AMT, RT_DESC, RT_DATE) VALUES('EXP_ID027', 7020, 'Road Maintenance', '03/23/20');
INSERT INTO ROADS_TRANSPORT ( EXP_ID, RT_AMT, RT_DESC, RT_DATE) VALUES('EXP_ID031', 14200, 'Maintenance of public transport', '02/05/20');
INSERT INTO ROADS_TRANSPORT ( EXP_ID, RT_AMT, RT_DESC, RT_DATE) VALUES('EXP_ID035', 37040, 'Maintenance of monuments', '02/15/20');
INSERT INTO ROADS_TRANSPORT ( EXP_ID, RT_AMT, RT_DESC, RT_DATE) VALUES('EXP_ID039', 100200, 'Maintenance of airports', '03/11/20');



-- Inserting values in DEDUCTION table
INSERT INTO DEDUCTION ( RID, EXP_ID, USERID, SSN, EIN, R_AMT, R_DATE, R_TYPE, R_NOEMPLOYMENT_AMT) VALUES('RID001', 'EXP_ID011', '0001', 'NULL', '160162952', 12681, '05/14/20', 'Sales Tax' ,NULL );
INSERT INTO DEDUCTION ( RID, EXP_ID, USERID, SSN, EIN, R_AMT, R_DATE, R_TYPE, R_NOEMPLOYMENT_AMT) VALUES('RID002', 'EXP_ID001', '0002', '528580463', 'NULL', 681, '04/19/20', 'Health Insurance' ,NULL );
INSERT INTO DEDUCTION ( RID, EXP_ID, USERID, SSN, EIN, R_AMT, R_DATE, R_TYPE, R_NOEMPLOYMENT_AMT) VALUES('RID003', 'EXP_ID012', '0003', 'NULL', '035587529', 12484, '03/14/20', 'Sales Tax' ,NULL );
INSERT INTO DEDUCTION ( RID, EXP_ID, USERID, SSN, EIN, R_AMT, R_DATE, R_TYPE, R_NOEMPLOYMENT_AMT) VALUES('RID004', 'EXP_ID002', '0004', '449687945', 'NULL', 448, '05/01/20', 'No Employment' ,777 );
INSERT INTO DEDUCTION ( RID, EXP_ID, USERID, SSN, EIN, R_AMT, R_DATE, R_TYPE, R_NOEMPLOYMENT_AMT) VALUES('RID005', 'EXP_ID003', '0005', '519335379', 'NULL', 484, '04/19/20', 'Education' ,NULL );
INSERT INTO DEDUCTION ( RID, EXP_ID, USERID, SSN, EIN, R_AMT, R_DATE, R_TYPE, R_NOEMPLOYMENT_AMT) VALUES('RID006', 'EXP_ID013', '0006', 'NULL', '532111082', 11988, '05/14/20', 'Charity' ,NULL );
INSERT INTO DEDUCTION ( RID, EXP_ID, USERID, SSN, EIN, R_AMT, R_DATE, R_TYPE, R_NOEMPLOYMENT_AMT) VALUES('RID007', 'EXP_ID004', '0007', '521940761', 'NULL', 880, '02/17/20', 'Health Insurance' ,NULL );
INSERT INTO DEDUCTION ( RID, EXP_ID, USERID, SSN, EIN, R_AMT, R_DATE, R_TYPE, R_NOEMPLOYMENT_AMT) VALUES('RID008', 'EXP_ID014', '0008', 'NULL', '232066614', 10944, '03/14/20', 'Charity' ,NULL );
INSERT INTO DEDUCTION ( RID, EXP_ID, USERID, SSN, EIN, R_AMT, R_DATE, R_TYPE, R_NOEMPLOYMENT_AMT) VALUES('RID009', 'EXP_ID005', '0009', '510302923', 'NULL', 944, '02/17/20', 'Education' ,NULL );
INSERT INTO DEDUCTION ( RID, EXP_ID, USERID, SSN, EIN, R_AMT, R_DATE, R_TYPE, R_NOEMPLOYMENT_AMT) VALUES('RID010', 'EXP_ID006', '0010', '388284682', 'NULL', 694, '02/17/20', 'No Employment' ,789 );
INSERT INTO DEDUCTION ( RID, EXP_ID, USERID, SSN, EIN, R_AMT, R_DATE, R_TYPE, R_NOEMPLOYMENT_AMT) VALUES('RID011', 'EXP_ID007', '0011', '532649042', 'NULL', 496, '04/19/20', 'No Employment' ,616 );
INSERT INTO DEDUCTION ( RID, EXP_ID, USERID, SSN, EIN, R_AMT, R_DATE, R_TYPE, R_NOEMPLOYMENT_AMT) VALUES('RID012', 'EXP_ID008', '0012', '362315110', 'NULL', 511, '05/01/20', 'Education' ,NULL );
INSERT INTO DEDUCTION ( RID, EXP_ID, USERID, SSN, EIN, R_AMT, R_DATE, R_TYPE, R_NOEMPLOYMENT_AMT) VALUES('RID013', 'EXP_ID015', '0013', 'NULL', '509423725', 9382, '03/14/20', 'Sales Tax' ,NULL );
INSERT INTO DEDUCTION ( RID, EXP_ID, USERID, SSN, EIN, R_AMT, R_DATE, R_TYPE, R_NOEMPLOYMENT_AMT) VALUES('RID014', 'EXP_ID009', '0014', '213416175', 'NULL', 870, '02/17/20', 'Health Insurance' ,NULL );
INSERT INTO DEDUCTION ( RID, EXP_ID, USERID, SSN, EIN, R_AMT, R_DATE, R_TYPE, R_NOEMPLOYMENT_AMT) VALUES('RID015', 'EXP_ID016', '0015', 'NULL', '268840070', 14941, '04/19/20', 'Sales Tax' ,NULL );
INSERT INTO DEDUCTION ( RID, EXP_ID, USERID, SSN, EIN, R_AMT, R_DATE, R_TYPE, R_NOEMPLOYMENT_AMT) VALUES('RID016', 'EXP_ID017', '0016', 'NULL', '269058982', 15516, '04/25/20', 'Charity' ,NULL );
INSERT INTO DEDUCTION ( RID, EXP_ID, USERID, SSN, EIN, R_AMT, R_DATE, R_TYPE, R_NOEMPLOYMENT_AMT) VALUES('RID017', 'EXP_ID010', '0017', '011262500', 'NULL', 516, '05/14/20', 'No Employment' ,558 );
INSERT INTO DEDUCTION ( RID, EXP_ID, USERID, SSN, EIN, R_AMT, R_DATE, R_TYPE, R_NOEMPLOYMENT_AMT) VALUES('RID018', 'EXP_ID018', '0018', 'NULL', '503928485', 8826, '05/01/20', 'Charity' ,NULL );
INSERT INTO DEDUCTION ( RID, EXP_ID, USERID, SSN, EIN, R_AMT, R_DATE, R_TYPE, R_NOEMPLOYMENT_AMT) VALUES('RID019', 'EXP_ID019', '0019', 'NULL', '509168978', 10190, '05/14/20', 'Sales Tax' ,NULL );
INSERT INTO DEDUCTION ( RID, EXP_ID, USERID, SSN, EIN, R_AMT, R_DATE, R_TYPE, R_NOEMPLOYMENT_AMT) VALUES('RID020', 'EXP_ID020', '0020', 'NULL', '387983611', 11910, '04/25/20', 'Charity' ,NULL );
INSERT INTO DEDUCTION ( RID, EXP_ID, USERID, SSN, EIN, R_AMT, R_DATE, R_TYPE, R_NOEMPLOYMENT_AMT) VALUES('RID021', 'EXP_ID033', '0021', 'NULL', '462502821', 12681, '05/14/20', 'Sales Tax' ,NULL );
INSERT INTO DEDUCTION ( RID, EXP_ID, USERID, SSN, EIN, R_AMT, R_DATE, R_TYPE, R_NOEMPLOYMENT_AMT) VALUES('RID022', 'EXP_ID021', '0022', '252502279', 'NULL', 981, '04/19/20', 'Health Insurance' ,NULL );
INSERT INTO DEDUCTION ( RID, EXP_ID, USERID, SSN, EIN, R_AMT, R_DATE, R_TYPE, R_NOEMPLOYMENT_AMT) VALUES('RID023', 'EXP_ID034', '0023', 'NULL', '212513938', 9484, '03/14/20', 'Sales Tax' ,NULL );
INSERT INTO DEDUCTION ( RID, EXP_ID, USERID, SSN, EIN, R_AMT, R_DATE, R_TYPE, R_NOEMPLOYMENT_AMT) VALUES('RID024', 'EXP_ID022', '0024', '050188947', 'NULL', 948, '05/01/20', 'No Employment' ,707 );
INSERT INTO DEDUCTION ( RID, EXP_ID, USERID, SSN, EIN, R_AMT, R_DATE, R_TYPE, R_NOEMPLOYMENT_AMT) VALUES('RID025', 'EXP_ID023', '0025', '036201638', 'NULL', 884, '04/19/20', 'Education' ,NULL );
INSERT INTO DEDUCTION ( RID, EXP_ID, USERID, SSN, EIN, R_AMT, R_DATE, R_TYPE, R_NOEMPLOYMENT_AMT) VALUES('RID026', 'EXP_ID035', '0026', 'NULL', '529185531', 9988, '05/14/20', 'Charity' ,NULL );
INSERT INTO DEDUCTION ( RID, EXP_ID, USERID, SSN, EIN, R_AMT, R_DATE, R_TYPE, R_NOEMPLOYMENT_AMT) VALUES('RID027', 'EXP_ID024', '0027', '425750735', 'NULL', 1080, '02/17/20', 'Health Insurance' ,NULL );
INSERT INTO DEDUCTION ( RID, EXP_ID, USERID, SSN, EIN, R_AMT, R_DATE, R_TYPE, R_NOEMPLOYMENT_AMT) VALUES('RID028', 'EXP_ID036', '0028', 'NULL', '051725669', 5944, '03/14/20', 'Charity' ,NULL );
INSERT INTO DEDUCTION ( RID, EXP_ID, USERID, SSN, EIN, R_AMT, R_DATE, R_TYPE, R_NOEMPLOYMENT_AMT) VALUES('RID029', 'EXP_ID025', '0029', '530947038', 'NULL', 1044, '02/17/20', 'Education' ,NULL );
INSERT INTO DEDUCTION ( RID, EXP_ID, USERID, SSN, EIN, R_AMT, R_DATE, R_TYPE, R_NOEMPLOYMENT_AMT) VALUES('RID030', 'EXP_ID026', '0030', '680309914', 'NULL', 994, '02/17/20', 'No Employment' ,589 );
INSERT INTO DEDUCTION ( RID, EXP_ID, USERID, SSN, EIN, R_AMT, R_DATE, R_TYPE, R_NOEMPLOYMENT_AMT) VALUES('RID031', 'EXP_ID027', '0031', '506361759', 'NULL', 496, '04/19/20', 'No Employment' ,716 );
INSERT INTO DEDUCTION ( RID, EXP_ID, USERID, SSN, EIN, R_AMT, R_DATE, R_TYPE, R_NOEMPLOYMENT_AMT) VALUES('RID032', 'EXP_ID028', '0032', '221606360', 'NULL', 1511, '05/01/20', 'Education' ,NULL );
INSERT INTO DEDUCTION ( RID, EXP_ID, USERID, SSN, EIN, R_AMT, R_DATE, R_TYPE, R_NOEMPLOYMENT_AMT) VALUES('RID033', 'EXP_ID037', '0033', 'NULL', '430865851', 11382, '03/14/20', 'Sales Tax' ,NULL );
INSERT INTO DEDUCTION ( RID, EXP_ID, USERID, SSN, EIN, R_AMT, R_DATE, R_TYPE, R_NOEMPLOYMENT_AMT) VALUES('RID034', 'EXP_ID029', '0034', '160729747', 'NULL', 1070, '02/17/20', 'Health Insurance' ,NULL );
INSERT INTO DEDUCTION ( RID, EXP_ID, USERID, SSN, EIN, R_AMT, R_DATE, R_TYPE, R_NOEMPLOYMENT_AMT) VALUES('RID035', 'EXP_ID030', '0035', '008742284', 'NULL', 9941, '04/19/20', 'Sales Tax' ,NULL );
INSERT INTO DEDUCTION ( RID, EXP_ID, USERID, SSN, EIN, R_AMT, R_DATE, R_TYPE, R_NOEMPLOYMENT_AMT) VALUES('RID036', 'EXP_ID038', '0036', 'NULL', '478126656', 9516, '04/25/20', 'Charity' ,NULL );
INSERT INTO DEDUCTION ( RID, EXP_ID, USERID, SSN, EIN, R_AMT, R_DATE, R_TYPE, R_NOEMPLOYMENT_AMT) VALUES('RID037', 'EXP_ID031', '0037', '121584116', 'NULL', 816, '05/14/20', 'No Employment' ,658 );
INSERT INTO DEDUCTION ( RID, EXP_ID, USERID, SSN, EIN, R_AMT, R_DATE, R_TYPE, R_NOEMPLOYMENT_AMT) VALUES('RID038', 'EXP_ID032', '0038', '147264147', 'NULL', 8826, '05/01/20', 'Charity' ,NULL );
INSERT INTO DEDUCTION ( RID, EXP_ID, USERID, SSN, EIN, R_AMT, R_DATE, R_TYPE, R_NOEMPLOYMENT_AMT) VALUES('RID039', 'EXP_ID039', '0039', 'NULL', '247828191', 14190, '05/14/20', 'Sales Tax' ,NULL );
INSERT INTO DEDUCTION ( RID, EXP_ID, USERID, SSN, EIN, R_AMT, R_DATE, R_TYPE, R_NOEMPLOYMENT_AMT) VALUES('RID040', 'EXP_ID040', '0040', 'NULL', '575286356', 12110, '04/25/20', 'Charity' ,NULL );
